email,first_name,last_name,company_name,city,website,subject,body,followup_subject,followup_body
info@hotelmilano.bs.it,Hotel,Ristorante pizzeria Albergo Milano,Hotel Ristorante pizzeria Albergo Milano,Milano,http://www.hotelmilano.bs.it,"I turisti cercano voi, vi trovano?","Buongiorno,

Ho dato un'occhiata al sito dell'Hotel Ristorante Albergo Milano e ho notato margini concreti per migliorare la vostra visibilità online.

Oggi chi cerca ""hotel con ristorante a Milano"" o ""pizzeria vicino a me"" si affida a Google: se non siete tra i primi risultati, quei clienti finiscono dai competitor.

Noi di Creative Mess ADV lavoriamo con strutture ricettive e ristorative per aumentare prenotazioni dirette attraverso SEO locale, Google Ads e campagne Meta mirate ai turisti e ai clienti della zona.

Vi va una call di 15 minuti per mostrarvi cosa potremmo fare concretamente per voi?

Chiara Benedetti
Creative Mess ADV","Re: I turisti cercano voi, vi trovano?","**OGGETTO:** Re: I turisti cercano voi, vi trovano?

---

Ciao,

riprendo brevemente il messaggio di lunedì.

Un dato che trovo interessante: il 78% dei turisti sceglie dove mangiare cercando su Google nelle 2 ore precedenti. Per strutture come l'Albergo Milano, farsi trovare in quel momento cambia la stagione.

Se vi fa piacere, vi mostro come in una call di 15 minuti.

Buon servizio,

Chiara Benedetti
Creative Mess ADV"
info@ristoranteilcenacolo.it,Ristorante,Il Cenacolo,Ristorante Il Cenacolo,Milano,http://www.ristoranteilcenacolo.it,Il Cenacolo merita più coperti da Google,"Ciao,

ho cercato ""ristorante Milano"" su Google e Il Cenacolo non compare tra i primi risultati. Per un locale nella vostra città, questo significa decine di coperti persi ogni settimana.

Ho dato un'occhiata a ristoranteilcenacolo.it: il sito ha margini di miglioramento importanti lato SEO e velocità. Anche le campagne Google Ads locali, se impostate bene, possono riempire la sala nei giorni più deboli della settimana.

Noi di Creative Mess ADV lavoriamo con strumenti 100% AI, il che significa risultati più rapidi e costi più contenuti rispetto a un'agenzia tradizionale.

Ti va una call di 15 minuti per mostrarti cosa faremmo concretamente per Il Cenacolo?

Chiara Benedetti
Creative Mess ADV",Re: Il Cenacolo merita più coperti da Google,"**OGGETTO:** Re: Il Cenacolo merita più coperti da Google

---

Ciao,

torno brevemente sulla mia email di lunedì. Nel frattempo ho visto che il 72% delle ricerche ""ristorante vicino a me"" si converte in visita entro 24 ore — un dato che mi ha fatto pensare subito a Il Cenacolo e al potenziale ancora inespresso.

Vale una chiacchierata di 15 minuti?

Chiara Benedetti
Creative Mess ADV"
booking@patiotime.com,Ristorante,al Vecio Macello,Ristorante al Vecio Macello,Milano,http://www.veciomacello.com,I milanesi cercano il vostro menù online?,"Ciao,

ho dato un'occhiata al sito del Vecio Macello e ci sono margini concreti per portarvi più coperti direttamente da Google e social.

Tre cose che ho notato subito: il sito non è ottimizzato per chi cerca ""ristorante Milano"" da mobile, le recensioni online non vengono sfruttate strategicamente e manca una presenza social che faccia venire fame solo a guardarla.

Con SEO locale, Google Ads mirati e contenuti social studiati per la ristorazione, possiamo riempire i tavoli nei giorni più deboli della settimana.

Vi va una call di 15 minuti per mostrarvi cosa faremmo concretamente per il Vecio Macello?

Chiara Benedetti
Creative Mess ADV",Re: I milanesi cercano il vostro menù online?,"**OGGETTO:** Re: I milanesi cercano il vostro menù online?

---

Ciao,

vi riscrivo brevemente. Un dato che trovo interessante: il 78% dei clienti scarta un ristorante se non trova il menù aggiornato online entro 30 secondi.

Per realtà con la vostra identità forte, è un'occasione persa facilmente recuperabile.

Se vi fa piacere, vi mostro come in una chiamata veloce.

Buona giornata,
Chiara Benedetti
Creative Mess ADV"
segreteria@tennispadelpineta.it,Trattoria,La Pineta,Trattoria La Pineta,Milano,https://www.tennispadelpineta.it/bar-ristorante,La Pineta merita più coperti da Google,"Ciao,

ho cercato ""trattoria Milano"" e La Pineta non compare dove dovrebbe. Eppure il vostro tipo di cucina ha una domanda altissima in zona.

Ho notato che il sito è una sottopagina di un centro sportivo: questo penalizza molto la vostra visibilità su Google e rende difficile trovarvi per chi cerca un ristorante, non un campo da padel.

Con un sito dedicato, una scheda Google ottimizzata e una strategia mirata, potreste intercettare decine di nuove prenotazioni ogni settimana — soprattutto da chi cerca dove mangiare nei dintorni.

Vi va una call di 15 minuti per vedere insieme cosa si può fare concretamente?

Chiara Benedetti
Creative Mess ADV",Re: La Pineta merita più coperti da Google,"**OGGETTO:** Re: La Pineta merita più coperti da Google

---

Ciao,

ti riscrivo brevemente. Nel frattempo ho visto che il 78% delle ricerche ""dove mangiare + zona"" su Google non porta mai oltre il terzo risultato. Chi presidia quelle posizioni riempie la sala senza dipendere dalle piattaforme.

Mi piacerebbe mostrarti cosa potrebbe funzionare per La Pineta. Hai 15 minuti questa settimana?

Chiara Benedetti
Creative Mess ADV"
info@ristorantemaffei.it,Ristorante,Maffei,Ristorante Maffei,Milano,http://www.ristorantemaffei.it,I tavoli vuoti del martedì sera,"Ciao,

ho visitato il sito del Ristorante Maffei e ho notato margini concreti per portarvi più coperti, soprattutto nei giorni infrasettimanali.

A Milano la competizione tra ristoranti si gioca quasi tutta online: chi appare primo su Google e chi ha campagne Meta mirate sulla zona riempie la sala. Chi no, lascia tavoli vuoti.

Con i nostri clienti nella ristorazione lavoriamo su tre leve: Local SEO per farvi trovare subito, Google Ads per chi cerca ""ristorante Milano"" e campagne Instagram geolocalizzate che portano prenotazioni reali.

Vi va una call di 15 minuti per vedere cosa funzionerebbe meglio per Maffei?

Chiara Benedetti
Creative Mess ADV",Re: I tavoli vuoti del martedì sera,"**OGGETTO: Re: I tavoli vuoti del martedì sera**

---

Ciao,

torno brevemente sulla mia email di lunedì.

Nel frattempo ho visto un dato interessante: il 68% dei clienti sceglie dove cenare entro 3 ore dalla prenotazione, quasi sempre dopo aver visto contenuti social. È esattamente il tipo di finestra che sfruttiamo per riempire le sere deboli.

Vi farebbe comodo una chiacchierata veloce?

Chiara Benedetti
Creative Mess ADV"
lafrascadesenzano@hotmail.com,Osteria,La Frasca,Osteria La Frasca,Milano,https://www.osterialafrasca.com,La Frasca merita più coperti da Google,"Ciao,

ho cercato ""osteria Milano"" su Google e La Frasca non compare tra i primi risultati. Con la qualità che vedo dal vostro menu e dalle recensioni, è un peccato lasciare quei coperti ai concorrenti.

Siamo Creative Mess ADV, agenzia 100% AI-powered. Aiutiamo ristoranti a Milano a riempire la sala con SEO locale, Google Ads mirati e una presenza social che fa venire fame.

Un dato: i nostri clienti nella ristorazione vedono in media +40% di prenotazioni da canale digitale nei primi 90 giorni.

Vi va una call di 15 minuti per mostrarvi cosa faremmo per La Frasca?

Chiara Benedetti
Creative Mess ADV",Un dato che mi ha fatto pensare a voi,"Ciao,

torno brevemente sulla mia email di qualche giorno fa. Nel frattempo ho visto che il 78% delle ricerche ""ristorante vicino a me"" si converte in visita entro 24 ore — e La Frasca ha tutte le carte per intercettarle meglio.

Se vi fa piacere, vi mostro come in una chiacchierata veloce.

Buona giornata,
Chiara Benedetti
Creative Mess ADV"
info@ilcignoristorante.it,Il,Cigno Ristorante Mantova,Il Cigno Ristorante Mantova,Milano,http://www.ilcignoristorante.it,Il Cigno merita più prenotazioni online,"Buongiorno,

Ho visitato il sito de Il Cigno e la vostra tradizione mantovana parla da sola. Però il sito non vi rende giustizia: tempi di caricamento lenti, zero ottimizzazione per chi cerca ""ristorante mantovano Milano"" su Google e nessuna strategia per convertire visitatori in prenotazioni.

Noi di Creative Mess ADV lavoriamo con ristoranti come il vostro per trasformare la presenza online in tavoli pieni. SEO locale, campagne mirate e un sito che faccia venire fame al primo scroll.

Vi rubo 15 minuti per mostrarvi cosa cambieremmo? Scegliete voi giorno e orario.

A presto,

**Chiara Benedetti**
Creative Mess ADV
🌐 creativemessadv.it",Re: Il Cigno merita più prenotazioni online,"**OGGETTO:** Re: Il Cigno merita più prenotazioni online

---

Ciao,

riprendo brevemente la mia email di qualche giorno fa.

Un dato interessante: il 78% dei clienti sceglie dove cenare dopo una ricerca su Google nelle 3 ore precedenti. Chi presidia quel momento, riempie i tavoli.

Mi piacerebbe mostrarvi come applicarlo al Cigno. Cinque minuti, senza impegno.

Chiara Benedetti
Creative Mess ADV"
info@alfolzone.it,Ristorante,Trattoria Al Folzone,Ristorante Trattoria Al Folzone,Milano,http://www.alfolzone.it,Il Folzone merita più tavoli pieni,"Ciao,

ho dato un'occhiata al sito del Folzone e al vostro posizionamento online su Milano.

La cucina c'è, l'atmosfera pure — ma quando qualcuno cerca ""trattoria Milano"" su Google, vi trovano davvero?

Lavoriamo con attività di ristorazione e sappiamo quanto contano tre cose: farsi trovare su Google, riempire i tavoli nei giorni deboli e trasformare chi passa davanti in cliente abituale. Lo facciamo con SEO locale, campagne Google e social mirati.

Vi va una call di 15 minuti per vedere insieme dove state lasciando coperti sul tavolo?

Chiara Benedetti
Creative Mess ADV",Re: Il Folzone merita più tavoli pieni,"**OGGETTO:** Re: Il Folzone merita più tavoli pieni

---

Ciao,

torno brevemente sulla mia email di lunedì. Nel frattempo ho letto che il 72% dei clienti sceglie dove cenare scrollando i social entro le 16 del giorno stesso. È una finestra piccola, ma chi la sfrutta bene riempie i coperti serali.

Se vi incuriosisce, ci facciamo una chiacchierata senza impegno.

Buona giornata,
Chiara Benedetti
Creative Mess ADV"
info@ristoranteheros.com,Ristorante,Heros,Ristorante Heros,Milano,http://www.ristoranteheros.com,Heros merita più tavoli pieni da Google,"Ciao,

ho dato un'occhiata al sito di Ristorante Heros e al vostro posizionamento online a Milano.

Il quartiere è competitivo: chi cerca ""ristorante Milano"" su Google trova prima i vostri concorrenti. Con una strategia mirata tra SEO locale e campagne Google Ads, possiamo portarvi nelle prime posizioni proprio quando le persone stanno scegliendo dove prenotare stasera.

Lavoriamo già con attività della ristorazione e i risultati arrivano in settimane, non mesi.

Ti va una call di 15 minuti per mostrarti cosa faremmo concretamente per Heros?

A presto,

Chiara Benedetti
Creative Mess ADV",Re: Heros merita più tavoli pieni da Google,"**OGGETTO:** Re: Heros merita più tavoli pieni da Google

---

Ciao,

torno brevemente sulla mia email di lunedì.

Un dato che trovo interessante: il 78% delle persone che cerca un ristorante su Google prenota entro un'ora. Chi appare per primo, riempie prima i tavoli.

Mi piacerebbe mostrarvi cosa potrebbe fare Heros in quella finestra decisiva.

Disponibile per una breve call?

Chiara Benedetti
Creative Mess ADV"
bocachicalatina@gmail.com,Bocachica,,Bocachica,Milano,http://bocachica-latina.metro.bar,"Bocachica, i tavoli vuoti costano caro","Ciao,

ho dato un'occhiata al sito di Bocachica e noto subito un problema: state usando una pagina metro.bar invece di un sito vostro. Per un ristorante latino nel cuore di Milano, questo significa perdere prenotazioni ogni giorno.

Chi cerca ""ristorante latino Milano"" su Google non vi trova. E chi vi trova, atterra su una pagina che non vi rappresenta davvero.

Con un sito ottimizzato e campagne geolocalizzate su Google e Instagram, possiamo riempire i coperti nelle sere più deboli — non solo nel weekend.

Vi va una call di 15 minuti per vedere cosa state lasciando sul tavolo?

Chiara Benedetti
Creative Mess ADV","Re: Bocachica, i tavoli vuoti costano caro","**OGGETTO:** Re: Bocachica, i tavoli vuoti costano caro

---

Ciao,

ti riscrivo brevemente. Ho visto che a Milano i ristoranti con una presenza social curata registrano fino al 30% in più di prenotazioni nei giorni infrasettimanali — esattamente dove si gioca il margine vero.

Mi piacerebbe mostrarvi come potrebbe funzionare per Bocachica. Cinque minuti, senza impegno?

Chiara Benedetti
Creative Mess ADV"
emilianogovetto@libero.it,L'Approdo,,L'Approdo,Milano,https://www.spaghetterialapprodo.it,I tavoli vuoti del martedì sera,"Ciao,

ho dato un'occhiata al sito de L'Approdo e il menu è invitante — ma online potreste riempire molti più coperti.

Cercando ""spaghetteria Milano"" o ""ristorante pasta fresca Milano"" il vostro sito non compare tra i primi risultati. Tradotto: decine di clienti ogni settimana scelgono un concorrente semplicemente perché lo trovano prima.

Con SEO locale mirata e campagne Meta geolocalizzate su Milano, portiamo persone affamate direttamente alla vostra porta — soprattutto nelle sere più scariche.

Vi va una call di 15 minuti per vedere i numeri concreti che potremmo generare per L'Approdo?

Chiara Benedetti
Creative Mess ADV",Re: I tavoli vuoti del martedì sera,"**OGGETTO: Re: I tavoli vuoti del martedì sera**

---

Ciao,

ti riscrivo brevemente. Da un'analisi che abbiamo fatto su ristoranti simili a L'Approdo, il 70% delle prenotazioni infrasettimanali oggi nasce da contenuti visti su Instagram nelle 48 ore precedenti. Non da fame, da ispirazione.

Se ti incuriosisce capire come sfruttare questa finestra, sono qui.

Buona giornata,
Chiara Benedetti
Creative Mess ADV"
info@mamisabaudiahotel.it,Mami,Ristorante,Mami Ristorante,Milano,https://www.mamisabaudiahotel.it/restaurant,"Mami, i tavoli vuoti costano caro","Ciao,

ho dato un'occhiata al sito di Mami Ristorante e il menu è davvero invitante — ma online potreste fare molto di più per riempire quei tavoli ogni sera.

A Milano la competizione nella ristorazione è feroce: chi non si posiziona su Google e non lavora bene con i social perde coperti ogni giorno. Noto che il sito attuale vive all'interno della struttura hotel, il che diluisce la vostra identità come ristorante.

Con una strategia mirata tra local SEO, Google Ads e Meta Ads possiamo portarvi prenotazioni costanti da clienti nuovi, non solo dagli ospiti dell'hotel.

Vi va una call di 15 minuti per vedere insieme i numeri?

Chiara Benedetti
Creative Mess ADV","Re: Mami, i tavoli vuoti costano caro","Ciao,

torno brevemente sulla mia email di lunedì.

Un dato che mi ha colpito: il 78% delle persone sceglie dove cenare dopo aver visto contenuti social nelle 3 ore precedenti. La finestra decisionale è cortissima.

Se vi interessa capire come intercettarla, sono disponibile per una chiacchierata veloce.

Chiara Benedetti
Creative Mess ADV"
utente@dominio.com,Osteria,del Bugiardo,Osteria del Bugiardo,Milano,https://osteriadelbugiardo.it,I tavoli vuoti del martedì sera,"Ciao,

ho cercato ""osteria Milano"" su Google: l'Osteria del Bugiardo non compare nella prima pagina. Eppure il vostro menu merita visibilità.

I ristoranti con cui lavoriamo hanno aumentato le prenotazioni del 30-40% in 90 giorni, combinando SEO locale, Google Maps ottimizzato e campagne Meta mirate sui quartieri giusti di Milano.

Ho dato un'occhiata al sito: ci sono margini concreti di miglioramento sulla velocità e sul posizionamento per le ricerche locali.

Vi dedico 15 minuti per mostrarvi cosa sta funzionando ora per altri ristoranti in zona — senza impegno.

Quando preferite, questa o la prossima settimana?

Chiara Benedetti
Creative Mess ADV",Re: I tavoli vuoti del martedì sera,"**OGGETTO:** Re: I tavoli vuoti del martedì sera

---

Ciao,

ti riscrivo brevemente. Ho visto che un'osteria a Verona ha riempito i martedì lanciando sui social un format ""lo chef cucina quello che trova al mercato stamattina"" — contenuti semplici, risultati enormi.

Mi ha fatto pensare subito a voi. Ti va di parlarne 15 minuti?

Chiara Benedetti
Creative Mess ADV"
info@sucarbrusc.it,Sucar,Brusc Ristorante Mantova,Sucar Brusc Ristorante Mantova,Milano,http://www.sucarbrusc.it,Sucar Brusc merita più tavoli pieni,"Ciao,

ho dato un'occhiata al sito di Sucar Brusc e il richiamo alla tradizione mantovana è autentico — un punto di forza enorme su Milano, dove la cucina di territorio si fa notare.

Il problema? Chi cerca ""ristorante mantovano Milano"" o ""tortelli di zucca Milano"" probabilmente non vi trova ancora al primo colpo su Google.

Con SEO locale, Google Ads mirati e una presenza social più strutturata, possiamo trasformare le ricerche in prenotazioni concrete — ogni sera.

Vi dedico 15 minuti per mostrarvi dove state lasciando coperti vuoti e come riempirli. Quando preferite?

Chiara Benedetti
Creative Mess ADV
creativemessadv.it",Re: Sucar Brusc merita più tavoli pieni,"**OGGETTO:** Re: Sucar Brusc merita più tavoli pieni

---

Ciao,

ti riscrivo brevemente. Dato interessante: il 78% dei clienti sceglie dove cenare dopo aver visto contenuti social nelle 3 ore precedenti. La fascia pre-cena è oro puro per un ristorante come Sucar Brusc.

Se ti incuriosisce, ti mostro come sfruttiamo questa finestra per i nostri clienti ristorazione.

A presto,
Chiara Benedetti
Creative Mess ADV"
info@ristorante-hellas5.it,Olimpia,ristorante pizzeria,Olimpia ristorante pizzeria,Milano,http://ristorante-hellas5.it,"Olimpia, i tavoli vuoti costano caro","Ciao,

ho dato un'occhiata al sito di Olimpia e vedo margini importanti per portarvi più coperti, soprattutto nei giorni infrasettimanali.

A Milano la concorrenza tra ristoranti si gioca quasi tutta online: chi appare primo su Google e nei feed social riempie la sala, chi non c'è lascia i tavoli agli altri.

Nello specifico, il vostro sito attuale ha bisogno di una rinfrescata tecnica e visiva, e manca una strategia per intercettare chi cerca ""ristorante pizzeria a Milano"" proprio mentre ha fame.

È il tipo di problema che risolviamo ogni giorno con SEO locale, Google Ads e campagne Meta mirate sulla zona.

Vi va una call di 15 minuti per vedere insieme cosa si può fare concretamente per Olimpia?

Chiara Benedetti
Creative Mess ADV",Un dato che mi ha fatto pensare a voi,"Ciao,

torno brevemente sulla mia email di qualche giorno fa.

Nel frattempo ho letto un dato interessante: il 78% dei clienti sceglie dove cenare dopo una ricerca su Google fatta nelle 3 ore precedenti. Chi non compare lì, semplicemente non esiste.

Mi piacerebbe capire come Olimpia gestisce oggi questa finestra decisionale. Vi va un caffè veloce, anche virtuale?

Chiara Benedetti
Creative Mess ADV"
